{
	"partitions" : [
		{
			"name" : "Top",
			"pins" : [
				{
					"name" : "Y0",
					"strict" : false
				},
				{
					"name" : "Y1",
					"strict" : false
				},
				{
					"name" : "Y2",
					"strict" : false
				},
				{
					"name" : "Y3",
					"strict" : false
				},
				{
					"name" : "Y4",
					"strict" : false
				},
				{
					"name" : "Y5",
					"strict" : false
				},
				{
					"name" : "Y6",
					"strict" : false
				},
				{
					"name" : "Y7",
					"strict" : false
				},
				{
					"name" : "D",
					"strict" : false
				},
				{
					"name" : "S0",
					"strict" : false
				},
				{
					"name" : "S1",
					"strict" : false
				},
				{
					"name" : "S2",
					"strict" : false
				}
			]
		}
	]
}