{
	"partitions" : [
		{
			"name" : "Top",
			"pins" : [
				{
					"name" : "Q[3]",
					"strict" : false
				},
				{
					"name" : "Q[2]",
					"strict" : false
				},
				{
					"name" : "Q[1]",
					"strict" : false
				},
				{
					"name" : "Q[0]",
					"strict" : false
				},
				{
					"name" : "WR",
					"strict" : false
				},
				{
					"name" : "CLK",
					"strict" : false
				},
				{
					"name" : "DIN[3]",
					"strict" : false
				},
				{
					"name" : "ADDR[0]",
					"strict" : false
				},
				{
					"name" : "ADDR[1]",
					"strict" : false
				},
				{
					"name" : "ADDR[2]",
					"strict" : false
				},
				{
					"name" : "ADDR[3]",
					"strict" : false
				},
				{
					"name" : "ADDR[4]",
					"strict" : false
				},
				{
					"name" : "DIN[2]",
					"strict" : false
				},
				{
					"name" : "DIN[1]",
					"strict" : false
				},
				{
					"name" : "DIN[0]",
					"strict" : false
				}
			]
		}
	]
}