{
	"system" : {
		"platform" : "windows64",
		"os_name" : "Windows 10",
		"os_version" : "10.0"
	},
	"error" : {
		"executable" : "quartus",
		"comment" : "not_applicable",
		"error_message" : "glyph != NULL",
		"source_file" : "/quartus/edt/wedtq/wedtq_select_object.cpp",
		"line" : "95",
		"stack_trace" : "\t0x7ffc2d639403: edt_wedtq + 0x79403 (?add_glyph@WEDTQ_SELECT_OBJECT@@QEAAXPEAVWEDTQ_GLYPH@@@Z + 0x33)\n\t0x7ffc2d609aae: edt_wedtq + 0x49aae (?on_selection_changed@WEDTQ_NODE_VIEW@@IEAAXAEBVQItemSelection@@0@Z + 0x1be)\n\t 0x53e5d1f0: QtCore4 + 0x11d1f0 (?activate@QMetaObject@@SAXPEAVQObject@@PEBU1@HPEAPEAX@Z + 0x520)\n\t 0x53856ba2: QtGui4 + 0x4b6ba2 (?emitSelectionChanged@QItemSelectionModel@@IEAAXAEBVQItemSelection@@0@Z + 0x742)\n\t 0x5385972f: QtGui4 + 0x4b972f (?select@QItemSelectionModel@@UEAAXAEBVQItemSelection@@V?$QFlags@W4SelectionFlag@QItemSelectionModel@@@@@Z + 0x3cf)\n\t 0x538598fb: QtGui4 + 0x4b98fb (?select@QItemSelectionModel@@UEAAXAEBVQModelIndex@@V?$QFlags@W4SelectionFlag@QItemSelectionModel@@@@@Z + 0x5b)\n\t 0x5385a4a0: QtGui4 + 0x4ba4a0 (?setCurrentIndex@QItemSelectionModel@@QEAAXAEBVQModelIndex@@V?$QFlags@W4SelectionFlag@QItemSelectionModel@@@@@Z + 0xd0)\n\t 0x538159a2: QtGui4 + 0x4759a2 (?setCurrentIndex@QAbstractItemView@@QEAAXAEBVQModelIndex@@@Z + 0xa2)\n\t0x7ffc2d60a5c7: edt_wedtq + 0x4a5c7 (?rearrange_model_rows@WEDTQ_NODE_VIEW@@QEAAXHV?$QList@H@@@Z + 0x397)\n\t0x7ffc2d60ade8: edt_wedtq + 0x4ade8 (?rearrange_rows@WEDTQ_NODE_VIEW@@QEAAXHV?$QList@H@@@Z + 0x678)\n\t0x7ffc2d607a15: edt_wedtq + 0x47a15 (?dropEvent@WEDTQ_NODE_VIEW@@MEAAXPEAVQDropEvent@@@Z + 0x1d5)\n\t 0x534022c2: QtGui4 + 0x622c2 (?event@QWidget@@MEAA_NPEAVQEvent@@@Z + 0x5d2)\n\t 0x537254e6: QtGui4 + 0x3854e6 (?event@QFrame@@MEAA_NPEAVQEvent@@@Z + 0x36)\n\t 0x538187ec: QtGui4 + 0x4787ec (?viewportEvent@QAbstractItemView@@MEAA_NPEAVQEvent@@@Z + 0x4ac)\n\t0x7ffbee4e4d76: GCL_AFCQ + 0xb4d76 (?viewportEvent@AFCQ_TREE_VIEW@@MEAA_NPEAVQEvent@@@Z + 0x2b6)\n\t 0x53e50552: QtCore4 + 0x110552 (?sendThroughObjectEventFilters@QCoreApplicationPrivate@@QEAA_NPEAVQObject@@PEAVQEvent@@@Z + 0x82)\n\t 0x533c2f81: QtGui4 + 0x22f81 (?notify_helper@QApplicationPrivate@@QEAA_NPEAVQObject@@PEAVQEvent@@@Z + 0xe1)\n\t 0x533c23fd: QtGui4 + 0x223fd (?notify@QApplication@@UEAA_NPEAVQObject@@PEAVQEvent@@@Z + 0xf8d)\n\t 0x53e4e67b: QtCore4 + 0x10e67b (?notifyInternal@QCoreApplication@@AEAA_NPEAVQObject@@PEAVQEvent@@@Z + 0x7b)\n\t 0x5342d833: QtGui4 + 0x8d833 (?screenNumber@QDesktopWidget@@QEBAHPEBVQWidget@@@Z + 0xc63)\n\t0x7ffce78d5d57: ole32 + 0x25d57 (OleQueryLinkFromData + 0x3a17)\n\t0x7ffce78bbe28: ole32 + 0xbe28 (DoDragDrop + 0x1088)\n\t0x7ffce78e98eb: ole32 + 0x398eb (Ordinal800 + 0x6fb)\n\t0x7ffce78d9096: ole32 + 0x29096 (GetRunningObjectTable + 0x2b36)\n\t0x7ffce78baec6: ole32 + 0xaec6 (DoDragDrop + 0x126)\n\t 0x5342eb1d: QtGui4 + 0x8eb1d (?accept@QDragMoveEvent@@QEAAXXZ + 0xacd)\n\t 0x533d076f: QtGui4 + 0x3076f (?exec@QDrag@@QEAA?AW4DropAction@Qt@@V?$QFlags@W4DropAction@Qt@@@@W423@@Z + 0x9f)\n\t 0x533d06c6: QtGui4 + 0x306c6 (?exec@QDrag@@QEAA?AW4DropAction@Qt@@V?$QFlags@W4DropAction@Qt@@@@@Z + 0x16)\n\t0x7ffc2d6093c5: edt_wedtq + 0x493c5 (?mouseMoveEvent@WEDTQ_NODE_VIEW@@MEAAXPEAVQMouseEvent@@@Z + 0x245)\n\t 0x53401d9f: QtGui4 + 0x61d9f (?event@QWidget@@MEAA_NPEAVQEvent@@@Z + 0xaf)\n\t 0x537254e6: QtGui4 + 0x3854e6 (?event@QFrame@@MEAA_NPEAVQEvent@@@Z + 0x36)\n\t 0x538187ec: QtGui4 + 0x4787ec (?viewportEvent@QAbstractItemView@@MEAA_NPEAVQEvent@@@Z + 0x4ac)\n\t0x7ffbee4e4d76: GCL_AFCQ + 0xb4d76 (?viewportEvent@AFCQ_TREE_VIEW@@MEAA_NPEAVQEvent@@@Z + 0x2b6)\n\t 0x53e50552: QtCore4 + 0x110552 (?sendThroughObjectEventFilters@QCoreApplicationPrivate@@QEAA_NPEAVQObject@@PEAVQEvent@@@Z + 0x82)\n\t 0x533c2f81: QtGui4 + 0x22f81 (?notify_helper@QApplicationPrivate@@QEAA_NPEAVQObject@@PEAVQEvent@@@Z + 0xe1)\n\t 0x533c1b8e: QtGui4 + 0x21b8e (?notify@QApplication@@UEAA_NPEAVQObject@@PEAVQEvent@@@Z + 0x71e)\n\t 0x53e4e67b: QtCore4 + 0x10e67b (?notifyInternal@QCoreApplication@@AEAA_NPEAVQObject@@PEAVQEvent@@@Z + 0x7b)\n\t 0x533c5dee: QtGui4 + 0x25dee (?sendMouseEvent@QApplicationPrivate@@SA_NPEAVQWidget@@PEAVQMouseEvent@@00PEAPEAV2@AEAV?$QPointer@VQWidget@@@@_N@Z + 0x1de)\n\t 0x534269b0: QtGui4 + 0x869b0 (?trUtf8@QScrollBar@@SA?AVQString@@PEBD0H@Z + 0x1440)\n\t 0x5342a361: QtGui4 + 0x8a361 (?winMouseButtonUp@QApplication@@SAXXZ + 0x2761)\n\t0x7ffce8b381d5: USER32 + 0x181d5 (CallWindowProcW + 0x6a5)\n\t0x7ffce8b35d2c: USER32 + 0x15d2c (IsWindowUnicode + 0x3cc)\n\t 0x53e73982: QtCore4 + 0x133982 (?processEvents@QEventDispatcherWin32@@UEAA_NV?$QFlags@W4ProcessEventsFlag@QEventLoop@@@@@Z + 0x3e2)\n\t 0x53422074: QtGui4 + 0x82074 (?openPopup@QApplicationPrivate@@QEAAXPEAVQWidget@@@Z + 0x204)\n\t 0x53e4b5db: QtCore4 + 0x10b5db (?exec@QEventLoop@@QEAAHV?$QFlags@W4ProcessEventsFlag@QEventLoop@@@@@Z + 0x22b)\n\t 0x53e4dbbf: QtCore4 + 0x10dbbf (?exec@QCoreApplication@@SAHXZ + 0xdf)\n\t0x7ff70c35198b: quartus + 0x198b (?qgq_main@@YAHHPEAPEBD@Z + 0x8b)\n\t0x7ffcd50f3258: CCL_MSG + 0x13258 (?msg_main_thread@@YAPEAXPEAX@Z + 0x18)\n\t0x7ffcd50f4a5e: CCL_MSG + 0x14a5e (?msg_thread_wrapper@@YAPEAXP6APEAXPEAX@Z0@Z + 0x6e)\n\t0x7ffcd52b6af0: ccl_mem + 0x16af0 (?mem_thread_wrapper@@YAPEAXP6APEAXPEAX@Z0@Z + 0x70)\n\t0x7ffcd50f2af1: CCL_MSG + 0x12af1 (?msg_exe_main@@YAHHPEAPEBDP6AHH0@Z@Z + 0xa1)\n\t0x7ff70c352777: quartus + 0x2777 (WinMain + 0x127)\n\t0x7ff70c351f40: quartus + 0x1f40 (__tmainCRTStartup + 0x148)\n\t0x7ffce818e8d6: KERNEL32 + 0x2e8d6 (BaseThreadInitThunk + 0x16)\n\t0x7ffce911c34b: ntdll + 0x3c34b (RtlUserThreadStart + 0x2b)\n",
		"subsystem" : "WEDTQ"
	},
	"quartus" : {
		"quartus_bits" : "64",
		"version" : "20.1.1",
		"build" : "720",
		"edition" : "Lite Edition"
	}
}