{
	"partitions" : [
		{
			"name" : "Top",
			"pins" : [
				{
					"name" : "SEG_A",
					"strict" : false
				},
				{
					"name" : "Q0",
					"strict" : false
				},
				{
					"name" : "Q2",
					"strict" : false
				},
				{
					"name" : "Q1",
					"strict" : false
				},
				{
					"name" : "SEG_B",
					"strict" : false
				},
				{
					"name" : "SEG_C",
					"strict" : false
				},
				{
					"name" : "SEG_D",
					"strict" : false
				},
				{
					"name" : "SEG_E",
					"strict" : false
				},
				{
					"name" : "SEG_F",
					"strict" : false
				},
				{
					"name" : "SEG_G",
					"strict" : false
				},
				{
					"name" : "CLK",
					"strict" : false
				}
			]
		}
	]
}