{
	"partitions" : [
		{
			"name" : "Top",
			"pins" : [
				{
					"name" : "Q[7]",
					"strict" : false
				},
				{
					"name" : "Q[6]",
					"strict" : false
				},
				{
					"name" : "Q[5]",
					"strict" : false
				},
				{
					"name" : "Q[4]",
					"strict" : false
				},
				{
					"name" : "Q[3]",
					"strict" : false
				},
				{
					"name" : "Q[2]",
					"strict" : false
				},
				{
					"name" : "Q[1]",
					"strict" : false
				},
				{
					"name" : "Q[0]",
					"strict" : false
				},
				{
					"name" : "CLK",
					"strict" : false
				},
				{
					"name" : "ADDR[0]",
					"strict" : false
				},
				{
					"name" : "ADDR[1]",
					"strict" : false
				},
				{
					"name" : "ADDR[2]",
					"strict" : false
				},
				{
					"name" : "ADDR[3]",
					"strict" : false
				},
				{
					"name" : "ADDR[4]",
					"strict" : false
				}
			]
		}
	]
}