{
	"partitions" : [
		{
			"name" : "Top",
			"pins" : [
				{
					"name" : "A3",
					"strict" : false
				},
				{
					"name" : "A2",
					"strict" : false
				},
				{
					"name" : "A1",
					"strict" : false
				},
				{
					"name" : "A0",
					"strict" : false
				},
				{
					"name" : "B3",
					"strict" : false
				},
				{
					"name" : "B2",
					"strict" : false
				},
				{
					"name" : "B1",
					"strict" : false
				},
				{
					"name" : "B0",
					"strict" : false
				},
				{
					"name" : "D3",
					"strict" : false
				},
				{
					"name" : "CLK1",
					"strict" : false
				},
				{
					"name" : "D2",
					"strict" : false
				},
				{
					"name" : "D1",
					"strict" : false
				},
				{
					"name" : "D0",
					"strict" : false
				},
				{
					"name" : "CLK2",
					"strict" : false
				}
			]
		}
	]
}