{
	"partitions" : [
		{
			"name" : "Top",
			"pins" : [
				{
					"name" : "A",
					"strict" : false
				},
				{
					"name" : "B",
					"strict" : false
				},
				{
					"name" : "C",
					"strict" : false
				},
				{
					"name" : "D",
					"strict" : false
				},
				{
					"name" : "E",
					"strict" : false
				},
				{
					"name" : "F",
					"strict" : false
				},
				{
					"name" : "G",
					"strict" : false
				},
				{
					"name" : "I[1]",
					"strict" : false
				},
				{
					"name" : "I[3]",
					"strict" : false
				},
				{
					"name" : "I[2]",
					"strict" : false
				},
				{
					"name" : "I[0]",
					"strict" : false
				}
			]
		}
	]
}